thr,flagged,tp,fp,tn,fn,precision,recall,f1,missed,mae_onset,mae_recovery,skill_onset,skill_recovery,taskB,penalty_total,penalty_share_of_onset_err,mean3,score_20_80,score_30_70,score_40_60,score_50_50,score_60_40,score_70_30,score_80_20
0.0,1.0,1050,1950,0,0,0.35,1.0,0.5185185185185185,0,2.634060952958417,2.893024119217009,0.6540863648112274,0.10754553086087804,0.3808159478360527,0.0,0.0,0.42671680473020795,0.4083564619725459,0.42212671904079246,0.435896976109039,0.44966723317728563,0.46343749024553216,0.4772077473137788,0.4909780043820253
0.01,1.0,1050,1950,0,0,0.35,1.0,0.5185185185185185,0,2.634060952958417,2.893024119217009,0.6540863648112274,0.10754553086087804,0.3808159478360527,0.0,0.0,0.42671680473020795,0.4083564619725459,0.42212671904079246,0.435896976109039,0.44966723317728563,0.46343749024553216,0.4772077473137788,0.4909780043820253
0.02,0.9996666666666667,1050,1949,1,0,0.35011670556852287,1.0,0.5186465794023216,0,2.634060952958417,2.893024119217009,0.6540863648112274,0.10754553086087804,0.3808159478360527,0.0,0.0,0.42675949169147565,0.4083820741493065,0.4221651373059334,0.4359482004625603,0.44973126361918714,0.46351432677581406,0.477297389932441,0.49108045308906784
0.03,0.9976666666666667,1050,1943,7,0,0.35081857667891747,1.0,0.5194162750432847,0,2.634060952958417,2.893024119217009,0.6540863648112274,0.10754553086087804,0.3808159478360527,0.0,0.0,0.42701605690513,0.4085360132774991,0.42239604599822234,0.4362560787189455,0.4501161114396687,0.4639761441603919,0.4778361768811151,0.4916962096018383
0.04,0.9953333333333333,1050,1936,14,0,0.35164099129269927,1.0,0.5203171456888008,0,2.634060952958417,2.893024119217009,0.6540863648112274,0.10754553086087804,0.3808159478360527,0.0,0.0,0.4273163471203021,0.40871618740660237,0.42266630719187714,0.436616426977152,0.4505665467624268,0.4645166665477016,0.47846678633297635,0.49241690611825123
0.045561144344441196,0.9936666666666667,1050,1931,19,0,0.3522307950352231,1.0,0.5209625403125776,0,2.634060952958417,2.893024119217009,0.6540863648112274,0.10754553086087804,0.3808159478360527,0.0,0.0,0.427531478661561,0.4088452663313577,0.4228599255790102,0.43687458482666264,0.4508892440743152,0.4649039033219676,0.4789185625696202,0.4929332218172726
0.05,0.992,1050,1926,24,0,0.3528225806451613,1.0,0.5216095380029807,0,2.634060952958417,2.893024119217009,0.6540863648112274,0.10754553086087804,0.3808159478360527,0.0,0.0,0.427747144558362,0.4089746658694383,0.4230540248861311,0.4371333839028239,0.45121274291951674,0.4652921019362095,0.4793714609529023,0.4934508199695951
0.06,0.9893333333333333,1050,1918,32,0,0.35377358490566035,1.0,0.5226480836236934,0,2.634060952958417,2.893024119217009,0.6540863648112274,0.10754553086087804,0.3808159478360527,0.0,0.0,0.42809332643193293,0.4091823749935809,0.42336558857234496,0.43754880215110903,0.4517320157298731,0.46591522930863716,0.4800984428874012,0.4942816564661653
0.07,0.9856666666666667,1049,1908,42,1,0.35475143726750086,0.9990476190476191,0.5235837284751684,1,2.6601848158837407,2.9201522417902925,0.6506556923434842,0.09917691268411943,0.3749163025138018,30.0,0.010740392321928523,0.4244721111675907,0.4046497877060752,0.41951653030221175,0.43438327289834844,0.4492500154944851,0.4641167580906218,0.47898350068675843,0.4938502432828951
0.08,0.98,1048,1892,58,2,0.3564625850340136,0.9980952380952381,0.5253132832080201,2,2.6850077377347614,2.947264899560307,0.6473958637795896,0.09081306516678955,0.36910446447318956,60.0,0.021282194587292472,0.42117407071813306,0.4003462282201557,0.4159671100936387,0.4315879919671218,0.4472088738406048,0.46282975571408785,0.4784506375875709,0.494071519461054
0.09,0.9676666666666667,1041,1862,88,9,0.3585945573544609,0.9914285714285714,0.5266885909435871,9,2.8630813654295553,3.132366495662654,0.6240106433966006,0.03371200417354969,0.32886132378507515,270.0,0.08981332498885422,0.39480374617124575,0.3684267772167775,0.3882095039326287,0.40799223064847995,0.42777495736433113,0.4475576840801823,0.4673404107960335,0.48712313751188474
0.1,0.949,1028,1819,131,22,0.3610818405338953,0.979047619047619,0.5275853220425968,22,3.173030513580863,3.4510701365212637,0.5833070915519616,0.0,0.2916535457759808,660.0,0.19809813548312408,0.3702974711981861,0.338839901029304,0.3624330786559656,0.3860262562826272,0.4096194339092888,0.4332126115359504,0.45680578916261194,0.48039896678927363
0.11,0.9273333333333333,1017,1765,185,33,0.36556434219985623,0.9685714285714285,0.5307933194154488,33,3.422544837216101,3.729249472459236,0.550540041638635,0.0,0.2752700208193175,990.0,0.2754842340134434,0.36044445368469463,0.3263746805385438,0.3519270103981569,0.37747934025777,0.40303167011738317,0.42858399997699625,0.45413632983660945,0.47968865969622254
0.12,0.8993333333333333,996,1702,248,54,0.36916234247590807,0.9485714285714286,0.5314834578441835,54,3.946145624990125,4.275412530814367,0.48177904668778015,0.0,0.24088952334389008,1620.0,0.3909782581480388,0.33775416817732123,0.2990083102439488,0.3280677036939781,0.3571270971440075,0.38618649059403676,0.41524588404406615,0.4443052774940955,0.4733646709441248
0.13,0.8606666666666667,975,1607,343,75,0.37761425251742836,0.9285714285714286,0.5368942731277533,75,4.472461631823786,4.804660202835727,0.41266148014954496,0.0,0.20633074007477248,2250.0,0.47912253234542024,0.3165185844257661,0.2724434466853687,0.3054997999906667,0.3385561532959648,0.3716125066012629,0.404668859906561,0.43772521321185903,0.47078156651715714
0.14,0.8196666666666667,951,1508,442,99,0.3867425782838552,0.9057142857142857,0.5420347677400968,99,5.053404029521114,5.433354330815808,0.3363701944839407,0.0,0.16818509724197034,2970.0,0.5597358556821109,0.2928016540746792,0.24295503134159566,0.2803399983914083,0.317724965441221,0.3551099324910336,0.3924948995408462,0.42987986659065885,0.46726483364047156
0.15,0.7783333333333333,927,1408,542,123,0.3970021413276231,0.8828571428571429,0.5477104874446086,123,5.647660034820639,6.044705238773093,0.25833052163770565,0.0,0.12916526081885282,3690.0,0.6222551804850843,0.26868033636077143,0.212874306144004,0.25472882880657954,0.29658335146915515,0.3384378741317307,0.3802923967943063,0.4221469194568818,0.4640014421194575
0.16,0.7393333333333333,907,1311,639,143,0.40892696122633004,0.8638095238095238,0.5550795593635252,143,6.129852970977284,6.571483427486587,0.19500734332592184,0.0,0.09750367166296092,4290.0,0.666527289489441,0.250028967563149,0.18901884920307377,0.2347764379731302,0.2805340267431866,0.32629161551324304,0.37204920428329946,0.41780679305335583,0.46356438182341236
0.17,0.6983333333333334,878,1217,733,172,0.41909307875894986,0.8361904761904762,0.5583465818759936,172,6.821520929268915,7.3367524910136614,0.10417520919192047,0.0,0.052087604595960235,5160.0,0.72040909428279,0.22084059702263803,0.15333940005196692,0.20396529777997024,0.2545911955079736,0.3052170932359769,0.35584299096398025,0.4064688886919836,0.45709478641998696
0.18,0.6543333333333333,849,1114,836,201,0.4325012735608762,0.8085714285714286,0.5635579156986393,201,7.497285216514501,8.083122143678578,0.015431597974674305,0.0,0.007715798987337152,6030.0,0.7659915525432026,0.1929965045577712,0.1188842223295976,0.1744684340007278,0.23005264567185804,0.28563685734298827,0.34122106901411847,0.3968052806852487,0.45238949235637893
0.19,0.6116666666666667,821,1014,936,229,0.4474114441416894,0.7819047619047619,0.5691507798960138,229,8.190734087096521,8.796111470318813,0.0,0.0,0.0,6870.0,0.7988120568050913,0.1897169266320046,0.11383015597920276,0.17074523396880414,0.22766031195840553,0.2845753899480069,0.3414904679376083,0.39840554592720967,0.45532062391681105
0.2,0.575,796,929,1021,254,0.46144927536231883,0.758095238095238,0.5736936936936937,254,8.789760147533759,9.439384019517314,0.0,0.0,0.0,7620.0,0.8256360509654037,0.19123123123123123,0.11473873873873874,0.17210810810810812,0.2294774774774775,0.28684684684684686,0.34421621621621623,0.4015855855855856,0.458954954954955
0.21,0.546,777,861,1089,273,0.47435897435897434,0.74,0.578125,273,9.243133818181333,9.924849024650669,0.0,0.0,0.0,8190.0,0.8438696391755495,0.19270833333333334,0.115625,0.1734375,0.23125,0.2890625,0.346875,0.4046875,0.4625
0.22,0.5096666666666667,759,770,1180,291,0.49640287769784175,0.7228571428571429,0.5886002326483134,291,9.677618537047216,10.378871469260957,0.0,0.0,0.0,8730.0,0.8591251744897278,0.1962000775494378,0.11772004652966268,0.176580069794494,0.23544009305932537,0.2943001163241567,0.353160139588988,0.41202016285381937,0.47088018611865073
0.23,0.47433333333333333,734,689,1261,316,0.5158116654954322,0.699047619047619,0.5936109987868986,316,10.286065989570936,11.024824714621916,0.0,0.0,0.0,9480.0,0.8777477645705869,0.1978703329289662,0.11872219975737973,0.1780832996360696,0.23744439951475946,0.2968054993934493,0.3561665992721392,0.415527699150829,0.4748887990295189
0.24,0.447,712,629,1321,338,0.5309470544369873,0.6780952380952381,0.5955667084901715,338,10.827905380911544,11.593849513360041,0.0,0.0,0.0,10140.0,0.8918754382696569,0.1985222361633905,0.1191133416980343,0.17867001254705142,0.2382266833960686,0.29778335424508573,0.35734002509410284,0.41689669594312,0.4764533667921372
0.25,0.41833333333333333,695,560,1390,355,0.5537848605577689,0.6619047619047619,0.6030368763557483,355,11.248741508075208,12.035106930806482,0.0,0.0,0.0,10650.0,0.9016881697900004,0.20101229211858276,0.12060737527114967,0.18091106290672448,0.24121475054229935,0.30151843817787416,0.36182212581344897,0.4221258134490238,0.4824295010845987
0.26,0.39666666666666667,681,509,1441,369,0.5722689075630252,0.6485714285714286,0.6080357142857142,369,11.581465753975376,12.407111373645037,0.0,0.0,0.0,11070.0,0.9103214883865866,0.2026785714285714,0.12160714285714286,0.18241071428571426,0.24321428571428572,0.3040178571428571,0.3648214285714285,0.4256249999999999,0.48642857142857143
0.27,0.36966666666666664,659,450,1500,391,0.5942290351668169,0.6276190476190476,0.6104678091709125,391,12.122686880397776,12.973372705454544,0.0,0.0,0.0,11730.0,0.9215307366795576,0.20348926972363748,0.1220935618341825,0.18314034275127375,0.244187123668365,0.30523390458545624,0.3662806855025475,0.4273274664196387,0.48837424733673
0.28,0.3473333333333333,645,397,1553,405,0.6190019193857965,0.6142857142857143,0.6166347992351816,405,12.472827438584565,13.325200007535685,0.0,0.0,0.0,12150.0,0.9277309919026437,0.20554493307839386,0.12332695984703633,0.1849904397705545,0.24665391969407266,0.3083173996175908,0.369980879541109,0.4316443594646271,0.4933078393881453
0.29,0.32966666666666666,625,364,1586,425,0.6319514661274014,0.5952380952380952,0.6130456105934281,425,12.962437761359805,13.842251331424299,0.0,0.0,0.0,12750.0,0.936772647738701,0.20434853686447604,0.12260912211868563,0.18391368317802842,0.24521824423737126,0.30652280529671405,0.36782736635605684,0.4291319274153996,0.4904364884747425
0.3,0.31166666666666665,608,327,1623,442,0.6502673796791444,0.579047619047619,0.6125944584382871,442,13.356375938701282,14.290075638360799,0.0,0.0,0.0,13260.0,0.9455088331243376,0.20419815281276235,0.12251889168765742,0.18377833753148612,0.24503778337531484,0.30629722921914354,0.36755667506297224,0.42881612090680093,0.4900755667506297
0.31,0.2956666666666667,599,288,1662,451,0.6753100338218715,0.5704761904761905,0.6184821889519876,451,13.572258484852476,14.52038830921191,0.0,0.0,0.0,13530.0,0.9494156260062083,0.20616072965066254,0.12369643779039752,0.18554465668559628,0.24739287558079504,0.3092410944759938,0.37108931337119255,0.4329375322663913,0.49478575116159007
0.32,0.2803333333333333,591,250,1700,459,0.7027348394768134,0.5628571428571428,0.6250661025912216,459,13.772218793459487,14.725903937035211,0.0,0.0,0.0,13770.0,0.9522275176541467,0.2083553675304072,0.12501322051824434,0.18751983077736648,0.2500264410364887,0.3125330512956108,0.37503966155473295,0.43754627181385514,0.5000528820729774
0.33,0.26966666666666667,580,229,1721,470,0.7169344870210136,0.5523809523809524,0.6239913932221623,470,14.033002445552508,15.00308875251439,0.0,0.0,0.0,14100.0,0.9569278905689463,0.20799713107405413,0.12479827864443248,0.1871974179666487,0.24959655728886496,0.3119956966110812,0.3743948359332974,0.4367939752555136,0.4991931145777299
0.34,0.25933333333333336,572,206,1744,478,0.7352185089974294,0.5447619047619048,0.62582056892779,478,14.239574588502554,15.205073723902355,0.0,0.0,0.0,14340.0,0.9590976733370974,0.20860685630926334,0.125164113785558,0.18774617067833702,0.250328227571116,0.312910284463895,0.37549234135667403,0.438074398249453,0.500656455142232
0.35,0.249,567,180,1770,483,0.7590361445783133,0.54,0.6310517529215358,483,14.364050941991682,15.327165197292908,0.0,0.0,0.0,14490.0,0.9607317640218928,0.2103505843071786,0.12621035058430716,0.18931552587646075,0.2524207011686143,0.3155258764607679,0.3786310517529215,0.44173622704507504,0.5048414023372286
0.36,0.24066666666666667,561,161,1789,489,0.7770083102493075,0.5342857142857143,0.6331828442437923,489,14.49807465350963,15.487520577780478,0.0,0.0,0.0,14670.0,0.9636747571889782,0.2110609480812641,0.12663656884875849,0.18995485327313769,0.25327313769751697,0.31659142212189617,0.37990970654627537,0.44322799097065463,0.5065462753950339
0.37,0.23433333333333334,555,148,1802,495,0.7894736842105263,0.5285714285714286,0.6332002281802623,495,14.649639327741848,15.645738556443902,0.0,0.0,0.0,14850.0,0.9654065077271206,0.2110667427267541,0.12664004563605247,0.1899600684540787,0.25328009127210493,0.31660011409013117,0.3799201369081574,0.4432401597261836,0.5065601825442099
0.38,0.22566666666666665,548,129,1821,502,0.8094534711964549,0.5219047619047619,0.6346265199768385,502,14.81826674152676,15.823737245057401,0.0,0.0,0.0,15060.0,0.9679173275146055,0.21154217332561284,0.1269253039953677,0.19038795599305156,0.2538506079907354,0.31731325998841925,0.3807759119861031,0.4442385639837869,0.5077012159814708
0.39,0.221,542,121,1829,508,0.8174962292609351,0.5161904761904762,0.6328079392877992,508,14.977964518721036,15.980475415637581,0.0,0.0,0.0,15240.0,0.9690426022938052,0.21093597976259973,0.12656158785755986,0.18984238178633975,0.2531231757151197,0.3164039696438996,0.3796847635726795,0.44296555750145944,0.5062463514302394
0.4,0.21633333333333332,538,111,1839,512,0.8289676425269645,0.5123809523809524,0.633313713949382,512,15.078227289659445,16.086515898497602,0.0,0.0,0.0,15360.0,0.9701784664437053,0.21110457131646065,0.1266627427898764,0.18999411418481457,0.2533254855797528,0.316656856974691,0.37998822836962914,0.44331959976456736,0.5066509711595056
0.41,0.21,532,98,1852,518,0.8444444444444444,0.5066666666666667,0.6333333333333333,518,15.220760689213192,16.241635100553125,0.0,0.0,0.0,15540.0,0.9723561326661301,0.2111111111111111,0.12666666666666668,0.18999999999999997,0.25333333333333335,0.31666666666666665,0.37999999999999995,0.4433333333333333,0.5066666666666667
0.42,0.20566666666666666,528,89,1861,522,0.8557536466774717,0.5028571428571429,0.6334733053389322,522,15.319611689372278,16.344894750063798,0.0,0.0,0.0,15660.0,0.9735420203001782,0.21115776844631073,0.12669466106778646,0.19004199160167964,0.2533893221355729,0.3167366526694661,0.3800839832033593,0.44343131373725253,0.5067786442711458
0.43,0.201,524,79,1871,526,0.8689883913764511,0.4990476190476191,0.633998790078645,526,15.429351839180041,16.449737892105677,0.0,0.0,0.0,15780.0,0.974024805786663,0.211332930026215,0.126799758015729,0.1901996370235935,0.253599516031458,0.3169993950393225,0.380399274047187,0.44379915305505147,0.507199032062916
0.44,0.19866666666666666,520,76,1874,530,0.87248322147651,0.49523809523809526,0.6318347509113001,530,15.526785779611545,16.54759372684019,0.0,0.0,0.0,15900.0,0.9752731413826459,0.21061158363710006,0.12636695018226005,0.18955042527339003,0.2527339003645201,0.3159173754556501,0.37910085054678005,0.4422843256379101,0.5054678007290402
0.45,0.194,517,65,1885,533,0.8883161512027491,0.49238095238095236,0.633578431372549,533,15.591793820376333,16.626877608499644,0.0,0.0,0.0,15990.0,0.9767042589204699,0.21119281045751634,0.1267156862745098,0.1900735294117647,0.2534313725490196,0.3167892156862745,0.3801470588235294,0.44350490196078424,0.5068627450980392
0.46,0.19266666666666668,516,62,1888,534,0.8927335640138409,0.49142857142857144,0.6339066339066339,534,15.612169631434218,16.65389561405298,0.0,0.0,0.0,16020.0,0.9772596133226396,0.2113022113022113,0.12678132678132678,0.19017199017199019,0.25356265356265356,0.31695331695331697,0.38034398034398037,0.4437346437346437,0.5071253071253071
0.47,0.189,511,56,1894,539,0.9012345679012346,0.4866666666666667,0.6320346320346321,539,15.735040816721147,16.775466022361407,0.0,0.0,0.0,16170.0,0.9787073436527025,0.2106782106782107,0.1264069264069264,0.18961038961038962,0.2528138528138528,0.31601731601731603,0.37922077922077924,0.4424242424242424,0.5056277056277056
0.48,0.188,511,53,1897,539,0.9060283687943262,0.4866666666666667,0.6332094175960347,539,15.735040816721147,16.775466022361407,0.0,0.0,0.0,16170.0,0.9787073436527025,0.21106980586534488,0.12664188351920694,0.1899628252788104,0.2532837670384139,0.31660470879801733,0.3799256505576208,0.44324659231722424,0.5065675340768278
0.49,0.18633333333333332,508,51,1899,542,0.9087656529516994,0.4838095238095238,0.6314481044126786,542,15.812629964318306,16.8519962786647,0.0,0.0,0.0,16260.0,0.9793256606053695,0.21048270147089287,0.12628962088253573,0.18943443132380358,0.25257924176507146,0.3157240522063393,0.37886886264760716,0.442013673088875,0.5051584835301429
0.5,0.18466666666666667,504,50,1900,546,0.9097472924187726,0.48,0.628428927680798,546,15.913293791240894,16.95376690638309,0.0,0.0,0.0,16380.0,0.9803124484879843,0.2094763092269327,0.1256857855361596,0.18852867830423942,0.2513715710723192,0.314214463840399,0.37705735660847883,0.4399002493765586,0.5027431421446384
0.51,0.18366666666666667,503,48,1902,547,0.9128856624319419,0.47904761904761906,0.6283572767020612,547,15.939803789177462,16.980698587407357,0.0,0.0,0.0,16410.0,0.9804745174581542,0.20945242556735374,0.12567145534041224,0.18850718301061836,0.2513429106808245,0.3141786383510306,0.3770143660212367,0.4398500936914428,0.502685821361649
0.52,0.18233333333333332,502,45,1905,548,0.9177330895795247,0.4780952380952381,0.6286787726988102,548,15.957818705980483,17.004975478993643,0.0,0.0,0.0,16440.0,0.9811580859278131,0.2095595908996034,0.12573575453976205,0.18860363180964307,0.2514715090795241,0.3143393863494051,0.37720726361928614,0.4400751408891671,0.5029430181590482
0.53,0.18,500,40,1910,550,0.9259259259259259,0.47619047619047616,0.6289308176100629,550,16.012817482711267,17.056696395191775,0.0,0.0,0.0,16500.0,0.9813566994847802,0.20964360587002095,0.12578616352201258,0.18867924528301885,0.25157232704402516,0.31446540880503143,0.3773584905660377,0.440251572327044,0.5031446540880503
0.54,0.17933333333333334,500,38,1912,550,0.929368029739777,0.47619047619047616,0.6297229219143576,550,16.012817482711267,17.056696395191775,0.0,0.0,0.0,16500.0,0.9813566994847802,0.2099076406381192,0.12594458438287154,0.18891687657430728,0.2518891687657431,0.3148614609571788,0.37783375314861456,0.4408060453400503,0.5037783375314862
0.55,0.17866666666666667,499,37,1913,551,0.9309701492537313,0.47523809523809524,0.6292559899117275,551,16.041120990845034,17.08025942372632,0.0,0.0,0.0,16530.0,0.9814062964702955,0.2097519966372425,0.1258511979823455,0.18877679697351823,0.251702395964691,0.31462799495586374,0.37755359394703647,0.4404791929382092,0.503404791929382
0.56,0.177,499,32,1918,551,0.9397363465160076,0.47523809523809524,0.6312460468058191,551,16.041120990845034,17.08025942372632,0.0,0.0,0.0,16530.0,0.9814062964702955,0.21041534893527303,0.12624920936116382,0.18937381404174572,0.25249841872232764,0.31562302340290954,0.37874762808349144,0.44187223276407334,0.5049968374446553
0.57,0.17566666666666667,497,30,1920,553,0.9430740037950665,0.47333333333333333,0.6303107165504122,553,16.097234882801146,17.133392204089883,0.0,0.0,0.0,16590.0,0.9815350347457052,0.21010357218347073,0.12606214331008245,0.18909321496512363,0.2521242866201649,0.3151553582752061,0.37818642993024726,0.4412175015852885,0.5042485732403298
0.58,0.175,495,30,1920,555,0.9428571428571428,0.4714285714285714,0.6285714285714287,555,16.15049277221891,17.18432589159468,0.0,0.0,0.0,16650.0,0.9818364727805299,0.20952380952380956,0.12571428571428575,0.18857142857142858,0.2514285714285715,0.31428571428571433,0.37714285714285717,0.44000000000000006,0.502857142857143
0.59,0.175,495,30,1920,555,0.9428571428571428,0.4714285714285714,0.6285714285714287,555,16.15049277221891,17.18432589159468,0.0,0.0,0.0,16650.0,0.9818364727805299,0.20952380952380956,0.12571428571428575,0.18857142857142858,0.2514285714285715,0.31428571428571433,0.37714285714285717,0.44000000000000006,0.502857142857143
0.6,0.17433333333333334,493,30,1920,557,0.9426386233269598,0.4695238095238095,0.6268277177368086,557,16.202207122944348,17.237637338478635,0.0,0.0,0.0,16710.0,0.9822294946315739,0.2089425725789362,0.1253655435473617,0.18804831532104258,0.2507310870947234,0.3134138588684043,0.37609663064208515,0.43877940241576596,0.5014621741894468
0.61,0.174,492,30,1920,558,0.9425287356321839,0.4685714285714286,0.6259541984732825,558,16.2298785598446,17.26232081055872,0.0,0.0,0.0,16740.0,0.9823152455559591,0.20865139949109415,0.1251908396946565,0.18778625954198475,0.250381679389313,0.31297709923664124,0.3755725190839695,0.4381679389312977,0.500763358778626
0.62,0.17266666666666666,489,29,1921,561,0.944015444015444,0.4657142857142857,0.6237244897959183,561,16.312731703926442,17.34318832970215,0.0,0.0,0.0,16830.0,0.9825804604334528,0.20790816326530612,0.12474489795918367,0.1871173469387755,0.24948979591836734,0.31186224489795916,0.374234693877551,0.4366071428571428,0.4989795918367347
0.63,0.17233333333333334,488,29,1921,562,0.9439071566731141,0.46476190476190476,0.6228462029355456,562,16.34096049558368,17.368304402561186,0.0,0.0,0.0,16860.0,0.9826315204349508,0.2076154009785152,0.12456924058710912,0.18685386088066366,0.24913848117421825,0.3114231014677728,0.3737077217613273,0.4359923420548819,0.4982769623484365
0.64,0.17133333333333334,485,29,1921,565,0.943579766536965,0.46190476190476193,0.6202046035805627,565,16.423898058959388,17.445410045355846,0.0,0.0,0.0,16950.0,0.9828882939303842,0.20673486786018758,0.12404092071611256,0.1860613810741688,0.24808184143222511,0.31010230179028136,0.3721227621483376,0.43414322250639387,0.49616368286445023
0.65,0.171,484,29,1921,566,0.9434697855750487,0.46095238095238095,0.6193218170185539,566,16.45220222299403,17.471608169558895,0.0,0.0,0.0,16980.0,0.9829339776061686,0.2064406056728513,0.12386436340371079,0.18579654510556617,0.24772872680742158,0.30966090850927697,0.37159309021113235,0.43352527191298773,0.49545745361484317
0.66,0.17066666666666666,483,29,1921,567,0.943359375,0.46,0.618437900128041,567,16.48018422574522,17.499403514205657,0.0,0.0,0.0,17010.0,0.9829987200441896,0.206145966709347,0.1236875800256082,0.1855313700384123,0.2473751600512164,0.3092189500640205,0.3710627400768246,0.4329065300896287,0.4947503201024328
0.67,0.16966666666666666,481,28,1922,569,0.9449901768172888,0.4580952380952381,0.6170622193713919,569,16.53321015348463,17.548177145788706,0.0,0.0,0.0,17070.0,0.9833022568648841,0.20568740645713066,0.1234124438742784,0.1851186658114176,0.2468248877485568,0.30853110968569597,0.3702373316228352,0.4319435535599743,0.4936497754971136
0.68,0.169,481,26,1924,569,0.9487179487179487,0.4580952380952381,0.6178548490687219,569,16.53321015348463,17.548177145788706,0.0,0.0,0.0,17070.0,0.9833022568648841,0.20595161635624062,0.12357096981374438,0.18535645472061657,0.24714193962748876,0.30892742453436095,0.37071290944123314,0.43249839434810533,0.4942838792549775
0.69,0.169,481,26,1924,569,0.9487179487179487,0.4580952380952381,0.6178548490687219,569,16.53321015348463,17.548177145788706,0.0,0.0,0.0,17070.0,0.9833022568648841,0.20595161635624062,0.12357096981374438,0.18535645472061657,0.24714193962748876,0.30892742453436095,0.37071290944123314,0.43249839434810533,0.4942838792549775
0.7,0.168,479,25,1925,571,0.9503968253968254,0.4561904761904762,0.6164736164736164,571,16.588766686147263,17.60237833181035,0.0,0.0,0.0,17130.0,0.9834538047912414,0.20549120549120548,0.1232947232947233,0.18494208494208492,0.2465894465894466,0.3082368082368082,0.36988416988416983,0.43153153153153145,0.4931788931788932
0.71,0.168,479,25,1925,571,0.9503968253968254,0.4561904761904762,0.6164736164736164,571,16.588766686147263,17.60237833181035,0.0,0.0,0.0,17130.0,0.9834538047912414,0.20549120549120548,0.1232947232947233,0.18494208494208492,0.2465894465894466,0.3082368082368082,0.36988416988416983,0.43153153153153145,0.4931788931788932
0.72,0.167,478,23,1927,572,0.9540918163672655,0.4552380952380952,0.6163765312701484,572,16.616760214131354,17.630232216916806,0.0,0.0,0.0,17160.0,0.9835164576160113,0.2054588437567161,0.12327530625402967,0.1849129593810445,0.24655061250805935,0.3081882656350742,0.369825918762089,0.43146357188910384,0.4931012250161187
0.73,0.16566666666666666,475,22,1928,575,0.9557344064386318,0.4523809523809524,0.6140917905623788,575,16.701950677545483,17.70610092641172,0.0,0.0,0.0,17250.0,0.9836318970010139,0.20469726352079295,0.12281835811247577,0.18422753716871365,0.24563671622495153,0.3070458952811894,0.3684550743374273,0.4298642533936652,0.49127343244990307
0.74,0.16433333333333333,471,22,1928,579,0.9553752535496958,0.44857142857142857,0.61049902786779,579,16.81104990021351,17.806647510007135,0.0,0.0,0.0,17370.0,0.9840466384343453,0.20349967595593,0.122099805573558,0.18314970836033698,0.244199611147116,0.305249513933895,0.36629941672067395,0.427349319507453,0.488399222294232
0.75,0.16333333333333333,468,22,1928,582,0.9551020408163265,0.44571428571428573,0.6077922077922079,582,16.89485996901569,17.8874465237538,0.0,0.0,0.0,17460.0,0.9842384878636093,0.20259740259740264,0.12155844155844159,0.18233766233766235,0.24311688311688318,0.30389610389610394,0.3646753246753247,0.4254545454545455,0.48623376623376635
0.76,0.163,467,22,1928,583,0.9550102249488752,0.44476190476190475,0.6068875893437297,583,16.922706561388942,17.9136021830651,0.0,0.0,0.0,17490.0,0.9843072558587054,0.20229586311457656,0.12137751786874594,0.1820662768031189,0.24275503573749188,0.30344379467186483,0.3641325536062378,0.42482131254061073,0.48551007147498376
0.77,0.16133333333333333,465,19,1931,585,0.9607438016528925,0.44285714285714284,0.6062581486310299,585,16.97903292595423,17.963679891899652,0.0,0.0,0.0,17550.0,0.9844074033648981,0.20208604954367662,0.12125162972620598,0.18187744458930896,0.24250325945241197,0.30312907431551495,0.3637548891786179,0.4243807040417209,0.48500651890482394
0.78,0.16,462,18,1932,588,0.9625,0.44,0.6039215686274509,588,17.0610551923471,18.04406851558495,0.0,0.0,0.0,17640.0,0.9846987663187328,0.20130718954248364,0.1207843137254902,0.18117647058823527,0.2415686274509804,0.30196078431372547,0.36235294117647054,0.4227450980392156,0.4831372549019608
0.79,0.159,459,18,1932,591,0.9622641509433962,0.43714285714285717,0.6011787819253438,591,17.144457019773867,18.119651503600902,0.0,0.0,0.0,17730.0,0.9849080823171503,0.20039292730844793,0.12023575638506877,0.18035363457760314,0.24047151277013754,0.3005893909626719,0.3607072691552063,0.4208251473477406,0.48094302554027507
0.8,0.15733333333333333,454,18,1932,596,0.961864406779661,0.43238095238095237,0.5965834428383705,596,17.284446239474985,18.24377117524137,0.0,0.0,0.0,17880.0,0.9851962390140581,0.19886114761279017,0.1193166885676741,0.17897503285151115,0.2386333771353482,0.29829172141918525,0.3579500657030223,0.41760840998685933,0.4772667542706964
0.81,0.15566666666666668,450,17,1933,600,0.9635974304068522,0.42857142857142855,0.5932762030323006,600,17.393706450260773,18.348414604066242,0.0,0.0,0.0,18000.0,0.9855781567821119,0.19775873434410018,0.11865524060646011,0.17798286090969015,0.23731048121292023,0.2966381015161503,0.3559657218193803,0.4152933421226104,0.47462096242584045
0.82,0.15433333333333332,447,16,1934,603,0.9654427645788337,0.4257142857142857,0.5908790482485129,603,17.47741128031881,18.42188939111523,0.0,0.0,0.0,18090.0,0.9857622019785275,0.1969596827495043,0.11817580964970259,0.17726371447455386,0.23635161929940518,0.29543952412425645,0.3545274289491077,0.413615333773959,0.47270323859881036
0.83,0.15333333333333332,444,16,1934,606,0.9652173913043478,0.4228571428571429,0.5880794701986756,606,17.56214177008477,18.492432507217384,0.0,0.0,0.0,18180.0,0.9858869117990351,0.1960264900662252,0.11761589403973512,0.17642384105960265,0.23523178807947023,0.2940397350993378,0.3528476821192053,0.4116556291390729,0.47046357615894047
0.84,0.15133333333333332,440,14,1936,610,0.9691629955947136,0.41904761904761906,0.5851063829787233,610,17.674527347787162,18.600279982471754,0.0,0.0,0.0,18300.0,0.9860841586099598,0.19503546099290778,0.11702127659574467,0.175531914893617,0.23404255319148934,0.29255319148936165,0.351063829787234,0.4095744680851063,0.4680851063829787
0.85,0.14966666666666667,436,13,1937,614,0.9710467706013363,0.41523809523809524,0.5817211474316211,614,17.78513051669547,18.70898827322744,0.0,0.0,0.0,18420.0,0.98637775676648,0.1939070491438737,0.11634422948632422,0.1745163442294863,0.23268845897264845,0.29086057371581053,0.3490326884589726,0.4072048032021347,0.4653769179452969
0.86,0.14833333333333334,434,11,1939,616,0.9752808988764045,0.41333333333333333,0.5806020066889632,616,17.840972043276132,18.76050052329037,0.0,0.0,0.0,18480.0,0.9864933344051201,0.19353400222965442,0.11612040133779265,0.17418060200668897,0.2322408026755853,0.2903010033444816,0.34836120401337795,0.4064214046822742,0.4644816053511706
0.87,0.14533333333333334,426,10,1940,624,0.9770642201834863,0.4057142857142857,0.5733512786002691,624,18.065612501092797,18.96409023805041,0.0,0.0,0.0,18720.0,0.9868788798327747,0.19111709286675638,0.11467025572005383,0.17200538358008075,0.22934051144010767,0.28667563930013457,0.3440107671601615,0.40134589502018836,0.45868102288021534
0.88,0.14266666666666666,418,10,1940,632,0.9766355140186916,0.3980952380952381,0.5656292286874154,632,18.287552054968216,19.183334494455867,0.0,0.0,0.0,18960.0,0.9874007632550927,0.18854307622913846,0.11312584573748308,0.16968876860622462,0.22625169147496615,0.2828146143437077,0.33937753721244923,0.39594046008119077,0.4525033829499323
0.89,0.141,414,9,1941,636,0.9787234042553191,0.3942857142857143,0.5621181262729125,636,18.398525754474413,19.290612335062388,0.0,0.0,0.0,19080.0,0.9876567728264526,0.18737270875763748,0.1124236252545825,0.16863543788187374,0.224847250509165,0.28105906313645623,0.3372708757637475,0.3934826883910387,0.44969450101833
0.9,0.13766666666666666,404,9,1941,646,0.9782082324455206,0.38476190476190475,0.5522898154477102,646,18.678240253915796,19.5446096989915,0.0,0.0,0.0,19380.0,0.9881628358042677,0.18409660514923673,0.11045796308954203,0.16568694463431305,0.22091592617908407,0.2761449077238551,0.3313738892686261,0.3866028708133971,0.44183185235816813
0.91,0.13433333333333333,395,8,1942,655,0.9801488833746899,0.3761904761904762,0.5437026841018582,655,18.928659846623724,19.77596269006818,0.0,0.0,0.0,19650.0,0.9886746270430634,0.18123422803395273,0.10874053682037164,0.16311080523055746,0.2174810736407433,0.2718513420509291,0.3262216104611149,0.3805918788713007,0.4349621472814866
0.92,0.13066666666666665,385,7,1943,665,0.9821428571428571,0.36666666666666664,0.5339805825242718,665,19.20988544579181,20.033993195170645,0.0,0.0,0.0,19950.0,0.9890740917542646,0.1779935275080906,0.10679611650485438,0.16019417475728154,0.21359223300970875,0.2669902912621359,0.3203883495145631,0.37378640776699024,0.4271844660194175
0.93,0.13,383,7,1943,667,0.982051282051282,0.3647619047619048,0.5319444444444444,667,19.265955644629646,20.083887683737288,0.0,0.0,0.0,20010.0,0.9891615660630363,0.17731481481481481,0.1063888888888889,0.15958333333333333,0.2127777777777778,0.2659722222222222,0.31916666666666665,0.3723611111111111,0.4255555555555556
0.94,0.12566666666666668,372,5,1945,678,0.986737400530504,0.35428571428571426,0.5213735108619482,678,19.573377695034914,20.375715680180804,0.0,0.0,0.0,20340.0,0.9896824591670976,0.17379117028731605,0.10427470217238964,0.15641205325858445,0.20854940434477928,0.2606867554309741,0.3128241065171689,0.3649614576033637,0.41709880868955856
0.95,0.12333333333333334,367,3,1947,683,0.9918918918918919,0.3495238095238095,0.5169014084507042,683,19.712588871040296,20.50656277459861,0.0,0.0,0.0,20490.0,0.9899402783646591,0.17230046948356806,0.10338028169014085,0.15507042253521125,0.2067605633802817,0.2584507042253521,0.3101408450704225,0.3618309859154929,0.4135211267605634
0.96,0.11933333333333333,356,2,1948,694,0.994413407821229,0.33904761904761904,0.5056818181818182,694,20.02021636317233,20.789616528367464,0.0,0.0,0.0,20820.0,0.9904274293981437,0.16856060606060608,0.10113636363636365,0.15170454545454545,0.2022727272727273,0.2528409090909091,0.3034090909090909,0.35397727272727275,0.4045454545454546
0.97,0.11133333333333334,334,0,1950,716,1.0,0.3180952380952381,0.4826589595375722,716,20.63823944760106,21.373779632350235,0.0,0.0,0.0,21480.0,0.9912251919104828,0.1608863198458574,0.09653179190751444,0.14479768786127165,0.1930635838150289,0.2413294797687861,0.2895953757225433,0.33786127167630053,0.3861271676300578
0.98,0.091,273,0,1950,777,1.0,0.26,0.41269841269841273,777,22.348869271365473,22.955883369433952,0.0,0.0,0.0,23310.0,0.9933388454888761,0.1375661375661376,0.08253968253968255,0.12380952380952381,0.1650793650793651,0.20634920634920637,0.24761904761904763,0.2888888888888889,0.3301587301587302
0.99,0.006,18,0,1950,1032,1.0,0.017142857142857144,0.033707865168539325,1032,29.494287049362285,29.539130081611248,0.0,0.0,0.0,30960.0,0.9997093415537168,0.011235955056179775,0.006741573033707865,0.010112359550561797,0.01348314606741573,0.016853932584269662,0.020224719101123594,0.023595505617977526,0.02696629213483146
1.0,0.0,0,0,1950,1050,0.0,0.0,0.0,1050,30.0,30.0,0.0,0.0,0.0,31500.0,1.0,0.0,0.0,0.0,0.0,0.0,0.0,0.0,0.0
